- Auto update on Thu Sep  4 03:07:32 UTC 2025
- Auto update on Thu Sep  4 06:46:55 UTC 2025
- Auto update on Thu Sep  4 10:38:01 UTC 2025
- Auto update on Thu Sep  4 18:45:08 UTC 2025
- Auto update on Thu Sep  4 22:37:43 UTC 2025
- Auto update on Fri Sep  5 03:10:33 UTC 2025
- Auto update on Fri Sep  5 06:46:43 UTC 2025
- Auto update on Fri Sep  5 10:38:44 UTC 2025
- Auto update on Fri Sep  5 18:43:30 UTC 2025
- Auto update on Fri Sep  5 22:38:05 UTC 2025
- Auto update on Sat Sep  6 03:06:37 UTC 2025
- Auto update on Sat Sep  6 06:42:54 UTC 2025
- Auto update on Sat Sep  6 10:34:01 UTC 2025
- Auto update on Sat Sep  6 18:41:18 UTC 2025
- Auto update on Sat Sep  6 22:36:53 UTC 2025
- Auto update on Sun Sep  7 03:13:40 UTC 2025
- Auto update on Sun Sep  7 06:43:48 UTC 2025
- Auto update on Sun Sep  7 10:35:14 UTC 2025
- Auto update on Sun Sep  7 18:41:43 UTC 2025
- Auto update on Sun Sep  7 22:36:59 UTC 2025
- Auto update on Mon Sep  8 03:26:49 UTC 2025
- Auto update on Mon Sep  8 06:49:14 UTC 2025
- Auto update on Mon Sep  8 10:40:37 UTC 2025
- Auto update on Mon Sep  8 18:45:37 UTC 2025
- Auto update on Mon Sep  8 22:38:22 UTC 2025
- Auto update on Tue Sep  9 03:13:21 UTC 2025
- Auto update on Tue Sep  9 06:48:02 UTC 2025
- Auto update on Tue Sep  9 10:40:36 UTC 2025
- Auto update on Tue Sep  9 18:43:07 UTC 2025
- Auto update on Tue Sep  9 22:37:29 UTC 2025
- Auto update on Wed Sep 10 03:07:17 UTC 2025
- Auto update on Wed Sep 10 06:46:55 UTC 2025
- Auto update on Wed Sep 10 10:38:27 UTC 2025
- Auto update on Wed Sep 10 18:45:36 UTC 2025
- Auto update on Wed Sep 10 22:37:45 UTC 2025
- Auto update on Thu Sep 11 03:11:54 UTC 2025
- Auto update on Thu Sep 11 06:47:07 UTC 2025
- Auto update on Thu Sep 11 10:38:02 UTC 2025
- Auto update on Thu Sep 11 18:43:21 UTC 2025
- Auto update on Thu Sep 11 22:37:28 UTC 2025
- Auto update on Fri Sep 12 03:06:41 UTC 2025
- Auto update on Fri Sep 12 06:45:52 UTC 2025
- Auto update on Fri Sep 12 10:37:48 UTC 2025
- Auto update on Fri Sep 12 18:41:59 UTC 2025
- Auto update on Fri Sep 12 22:37:11 UTC 2025
- Auto update on Sat Sep 13 03:00:38 UTC 2025
- Auto update on Sat Sep 13 06:42:24 UTC 2025
- Auto update on Sat Sep 13 10:34:13 UTC 2025
- Auto update on Sat Sep 13 18:40:05 UTC 2025
- Auto update on Sat Sep 13 22:36:08 UTC 2025
- Auto update on Sun Sep 14 03:13:43 UTC 2025
- Auto update on Sun Sep 14 06:43:49 UTC 2025
- Auto update on Sun Sep 14 10:32:46 UTC 2025
- Auto update on Sun Sep 14 18:40:51 UTC 2025
- Auto update on Sun Sep 14 22:36:59 UTC 2025
- Auto update on Mon Sep 15 03:27:30 UTC 2025
- Auto update on Mon Sep 15 06:49:49 UTC 2025
- Auto update on Mon Sep 15 10:39:49 UTC 2025
- Auto update on Mon Sep 15 18:45:49 UTC 2025
- Auto update on Mon Sep 15 22:37:43 UTC 2025
- Auto update on Tue Sep 16 03:08:17 UTC 2025
- Auto update on Tue Sep 16 06:47:59 UTC 2025
- Auto update on Tue Sep 16 10:38:56 UTC 2025
- Auto update on Tue Sep 16 18:45:50 UTC 2025
- Auto update on Tue Sep 16 22:35:19 UTC 2025
- Auto update on Wed Sep 17 03:07:24 UTC 2025
- Auto update on Wed Sep 17 06:47:56 UTC 2025
- Auto update on Wed Sep 17 10:38:47 UTC 2025
- Auto update on Wed Sep 17 18:45:42 UTC 2025
- Auto update on Wed Sep 17 22:35:52 UTC 2025
- Auto update on Thu Sep 18 03:09:18 UTC 2025
- Auto update on Thu Sep 18 06:47:08 UTC 2025
- Auto update on Thu Sep 18 10:38:33 UTC 2025
- Auto update on Thu Sep 18 18:46:45 UTC 2025
- Auto update on Thu Sep 18 22:38:05 UTC 2025
- Auto update on Fri Sep 19 03:12:11 UTC 2025
- Auto update on Fri Sep 19 06:47:19 UTC 2025
- Auto update on Fri Sep 19 10:39:21 UTC 2025
- Auto update on Fri Sep 19 18:44:34 UTC 2025
- Auto update on Fri Sep 19 22:37:20 UTC 2025
- Auto update on Sat Sep 20 03:06:55 UTC 2025
- Auto update on Sat Sep 20 06:43:50 UTC 2025
- Auto update on Sat Sep 20 10:35:57 UTC 2025
- Auto update on Sat Sep 20 18:40:42 UTC 2025
- Auto update on Sat Sep 20 22:36:44 UTC 2025
- Auto update on Sun Sep 21 03:26:26 UTC 2025
- Auto update on Sun Sep 21 06:44:37 UTC 2025
- Auto update on Sun Sep 21 10:34:56 UTC 2025
- Auto update on Sun Sep 21 18:42:49 UTC 2025
- Auto update on Sun Sep 21 22:37:39 UTC 2025
- Auto update on Mon Sep 22 03:26:41 UTC 2025
- Auto update on Mon Sep 22 06:49:59 UTC 2025
- Auto update on Mon Sep 22 10:40:52 UTC 2025
- Auto update on Mon Sep 22 18:45:06 UTC 2025
- Auto update on Mon Sep 22 22:37:57 UTC 2025
- Auto update on Tue Sep 23 03:09:52 UTC 2025
- Auto update on Tue Sep 23 06:48:07 UTC 2025
- Auto update on Tue Sep 23 10:39:30 UTC 2025
- Auto update on Tue Sep 23 18:46:35 UTC 2025
- Auto update on Tue Sep 23 22:38:02 UTC 2025
- Auto update on Wed Sep 24 03:10:44 UTC 2025
- Auto update on Wed Sep 24 06:47:39 UTC 2025
- Auto update on Wed Sep 24 10:39:24 UTC 2025
- Auto update on Wed Sep 24 18:44:36 UTC 2025
- Auto update on Wed Sep 24 22:36:25 UTC 2025
- Auto update on Thu Sep 25 03:13:17 UTC 2025
- Auto update on Thu Sep 25 06:48:30 UTC 2025
- Auto update on Thu Sep 25 10:39:53 UTC 2025
- Auto update on Thu Sep 25 18:46:57 UTC 2025
- Auto update on Thu Sep 25 22:37:31 UTC 2025
- Auto update on Fri Sep 26 03:12:06 UTC 2025
- Auto update on Fri Sep 26 06:46:51 UTC 2025
- Auto update on Fri Sep 26 10:38:55 UTC 2025
- Auto update on Fri Sep 26 18:44:32 UTC 2025
- Auto update on Fri Sep 26 22:37:08 UTC 2025
- Auto update on Sat Sep 27 03:06:55 UTC 2025
- Auto update on Sat Sep 27 06:42:38 UTC 2025
- Auto update on Sat Sep 27 10:34:47 UTC 2025
- Auto update on Sat Sep 27 18:42:12 UTC 2025
- Auto update on Sat Sep 27 22:37:05 UTC 2025
- Auto update on Sun Sep 28 03:26:51 UTC 2025
- Auto update on Sun Sep 28 06:45:02 UTC 2025
- Auto update on Sun Sep 28 10:34:55 UTC 2025
- Auto update on Sun Sep 28 18:41:39 UTC 2025
- Auto update on Sun Sep 28 22:37:05 UTC 2025
- Auto update on Mon Sep 29 03:25:10 UTC 2025
- Auto update on Mon Sep 29 06:50:06 UTC 2025
- Auto update on Mon Sep 29 10:41:03 UTC 2025
- Auto update on Mon Sep 29 18:46:34 UTC 2025
- Auto update on Mon Sep 29 22:36:03 UTC 2025
- Auto update on Tue Sep 30 03:10:25 UTC 2025
- Auto update on Tue Sep 30 06:49:05 UTC 2025
- Auto update on Tue Sep 30 10:39:54 UTC 2025
- Auto update on Tue Sep 30 18:44:47 UTC 2025
- Auto update on Tue Sep 30 22:37:59 UTC 2025
- Auto update on Wed Oct  1 03:30:10 UTC 2025
- Auto update on Wed Oct  1 06:47:54 UTC 2025
- Auto update on Wed Oct  1 10:39:39 UTC 2025
- Auto update on Wed Oct  1 18:46:30 UTC 2025
- Auto update on Wed Oct  1 22:37:58 UTC 2025
- Auto update on Thu Oct  2 03:09:15 UTC 2025
- Auto update on Thu Oct  2 06:46:27 UTC 2025
- Auto update on Thu Oct  2 10:37:51 UTC 2025
- Auto update on Thu Oct  2 18:44:06 UTC 2025
- Auto update on Thu Oct  2 22:37:46 UTC 2025
- Auto update on Fri Oct  3 03:08:26 UTC 2025
- Auto update on Fri Oct  3 06:46:17 UTC 2025
- Auto update on Fri Oct  3 10:37:48 UTC 2025
- Auto update on Fri Oct  3 18:44:50 UTC 2025
- Auto update on Fri Oct  3 22:37:00 UTC 2025
- Auto update on Sat Oct  4 03:03:59 UTC 2025
- Auto update on Sat Oct  4 06:43:15 UTC 2025
- Auto update on Sat Oct  4 10:34:38 UTC 2025
- Auto update on Sat Oct  4 18:41:53 UTC 2025
- Auto update on Sat Oct  4 22:37:08 UTC 2025
- Auto update on Sun Oct  5 03:24:40 UTC 2025
- Auto update on Sun Oct  5 06:43:25 UTC 2025
- Auto update on Sun Oct  5 10:35:04 UTC 2025
- Auto update on Sun Oct  5 18:42:10 UTC 2025
- Auto update on Sun Oct  5 22:37:02 UTC 2025
- Auto update on Mon Oct  6 03:22:20 UTC 2025
- Auto update on Mon Oct  6 06:48:40 UTC 2025
- Auto update on Mon Oct  6 10:39:30 UTC 2025
- Auto update on Mon Oct  6 18:46:55 UTC 2025
- Auto update on Mon Oct  6 22:37:40 UTC 2025
- Auto update on Tue Oct  7 03:09:58 UTC 2025
- Auto update on Tue Oct  7 06:47:29 UTC 2025
- Auto update on Tue Oct  7 10:39:10 UTC 2025
- Auto update on Tue Oct  7 18:47:14 UTC 2025
- Auto update on Tue Oct  7 22:37:59 UTC 2025
- Auto update on Wed Oct  8 03:09:45 UTC 2025
- Auto update on Wed Oct  8 06:48:03 UTC 2025
- Auto update on Wed Oct  8 10:39:39 UTC 2025
- Auto update on Wed Oct  8 18:48:10 UTC 2025
- Auto update on Wed Oct  8 22:38:35 UTC 2025
- Auto update on Thu Oct  9 03:12:00 UTC 2025
- Auto update on Thu Oct  9 06:48:57 UTC 2025
- Auto update on Thu Oct  9 10:40:39 UTC 2025
- Auto update on Thu Oct  9 18:46:28 UTC 2025
- Auto update on Thu Oct  9 22:38:27 UTC 2025
- Auto update on Fri Oct 10 03:12:41 UTC 2025
- Auto update on Fri Oct 10 06:48:53 UTC 2025
- Auto update on Fri Oct 10 10:39:08 UTC 2025
- Auto update on Fri Oct 10 18:45:32 UTC 2025
- Auto update on Fri Oct 10 22:37:24 UTC 2025
- Auto update on Sat Oct 11 03:06:12 UTC 2025
- Auto update on Sat Oct 11 06:43:09 UTC 2025
- Auto update on Sat Oct 11 10:35:21 UTC 2025
- Auto update on Sat Oct 11 18:40:33 UTC 2025
- Auto update on Sat Oct 11 22:36:56 UTC 2025
- Auto update on Sun Oct 12 03:22:05 UTC 2025
- Auto update on Sun Oct 12 06:43:24 UTC 2025
- Auto update on Sun Oct 12 10:35:34 UTC 2025
- Auto update on Sun Oct 12 18:42:05 UTC 2025
- Auto update on Sun Oct 12 22:37:06 UTC 2025
- Auto update on Mon Oct 13 03:30:03 UTC 2025
- Auto update on Mon Oct 13 06:50:20 UTC 2025
- Auto update on Mon Oct 13 10:41:18 UTC 2025
- Auto update on Mon Oct 13 18:45:40 UTC 2025
- Auto update on Mon Oct 13 22:38:28 UTC 2025
- Auto update on Tue Oct 14 03:13:24 UTC 2025
- Auto update on Tue Oct 14 06:48:07 UTC 2025
- Auto update on Tue Oct 14 10:40:12 UTC 2025
- Auto update on Tue Oct 14 18:46:32 UTC 2025
- Auto update on Tue Oct 14 22:38:20 UTC 2025
- Auto update on Wed Oct 15 03:25:04 UTC 2025
- Auto update on Wed Oct 15 06:48:14 UTC 2025
- Auto update on Wed Oct 15 10:41:43 UTC 2025
- Auto update on Wed Oct 15 18:47:46 UTC 2025
- Auto update on Wed Oct 15 22:37:43 UTC 2025
- Auto update on Thu Oct 16 03:24:42 UTC 2025
- Auto update on Thu Oct 16 06:47:54 UTC 2025
- Auto update on Thu Oct 16 10:40:49 UTC 2025
- Auto update on Thu Oct 16 18:47:43 UTC 2025
- Auto update on Thu Oct 16 22:37:32 UTC 2025
- Auto update on Fri Oct 17 03:13:53 UTC 2025
- Auto update on Fri Oct 17 06:47:25 UTC 2025
- Auto update on Fri Oct 17 10:39:29 UTC 2025
- Auto update on Fri Oct 17 18:44:30 UTC 2025
- Auto update on Fri Oct 17 22:38:09 UTC 2025
- Auto update on Sat Oct 18 03:07:49 UTC 2025
- Auto update on Sat Oct 18 06:44:33 UTC 2025
- Auto update on Sat Oct 18 10:36:44 UTC 2025
- Auto update on Sat Oct 18 18:42:45 UTC 2025
- Auto update on Sat Oct 18 22:37:37 UTC 2025
- Auto update on Sun Oct 19 03:32:32 UTC 2025
- Auto update on Sun Oct 19 06:44:55 UTC 2025
- Auto update on Sun Oct 19 10:36:24 UTC 2025
- Auto update on Sun Oct 19 18:42:57 UTC 2025
- Auto update on Sun Oct 19 22:38:21 UTC 2025
- Auto update on Mon Oct 20 03:34:41 UTC 2025
- Auto update on Mon Oct 20 06:49:41 UTC 2025
- Auto update on Mon Oct 20 10:41:36 UTC 2025
- Auto update on Mon Oct 20 18:49:16 UTC 2025
- Auto update on Mon Oct 20 22:38:45 UTC 2025
- Auto update on Tue Oct 21 03:26:50 UTC 2025
- Auto update on Tue Oct 21 06:48:19 UTC 2025
- Auto update on Tue Oct 21 10:40:38 UTC 2025
- Auto update on Tue Oct 21 18:48:26 UTC 2025
- Auto update on Tue Oct 21 22:37:50 UTC 2025
- Auto update on Wed Oct 22 03:31:09 UTC 2025
- Auto update on Wed Oct 22 06:50:09 UTC 2025
- Auto update on Wed Oct 22 10:42:19 UTC 2025
- Auto update on Wed Oct 22 18:49:23 UTC 2025
- Auto update on Wed Oct 22 22:35:49 UTC 2025
- Auto update on Thu Oct 23 03:24:17 UTC 2025
- Auto update on Thu Oct 23 06:48:55 UTC 2025
- Auto update on Thu Oct 23 10:41:02 UTC 2025
- Auto update on Thu Oct 23 18:47:53 UTC 2025
- Auto update on Thu Oct 23 22:38:54 UTC 2025
- Auto update on Fri Oct 24 03:12:57 UTC 2025
- Auto update on Fri Oct 24 06:47:41 UTC 2025
- Auto update on Fri Oct 24 10:41:17 UTC 2025
- Auto update on Fri Oct 24 18:45:32 UTC 2025
- Auto update on Fri Oct 24 22:39:33 UTC 2025
- Auto update on Sat Oct 25 03:23:05 UTC 2025
- Auto update on Sat Oct 25 06:44:40 UTC 2025
- Auto update on Sat Oct 25 10:36:23 UTC 2025
- Auto update on Sat Oct 25 18:43:33 UTC 2025
- Auto update on Sat Oct 25 22:37:05 UTC 2025
- Auto update on Sun Oct 26 03:28:24 UTC 2025
- Auto update on Sun Oct 26 06:46:05 UTC 2025
- Auto update on Sun Oct 26 10:36:59 UTC 2025
- Auto update on Sun Oct 26 18:44:21 UTC 2025
- Auto update on Sun Oct 26 22:38:55 UTC 2025
- Auto update on Mon Oct 27 03:38:05 UTC 2025
- Auto update on Mon Oct 27 06:52:57 UTC 2025
- Auto update on Mon Oct 27 10:42:29 UTC 2025
- Auto update on Mon Oct 27 18:47:52 UTC 2025
- Auto update on Mon Oct 27 22:39:34 UTC 2025
- Auto update on Tue Oct 28 03:28:14 UTC 2025
- Auto update on Tue Oct 28 06:50:51 UTC 2025
- Auto update on Tue Oct 28 10:42:08 UTC 2025
- Auto update on Tue Oct 28 18:50:30 UTC 2025
- Auto update on Tue Oct 28 22:40:24 UTC 2025
- Auto update on Wed Oct 29 03:34:16 UTC 2025
- Auto update on Wed Oct 29 06:50:52 UTC 2025
- Auto update on Wed Oct 29 10:41:53 UTC 2025
- Auto update on Wed Oct 29 18:48:36 UTC 2025
- Auto update on Wed Oct 29 22:40:33 UTC 2025
- Auto update on Thu Oct 30 03:30:15 UTC 2025
- Auto update on Thu Oct 30 06:48:55 UTC 2025
- Auto update on Thu Oct 30 10:41:27 UTC 2025
- Auto update on Thu Oct 30 18:48:46 UTC 2025
- Auto update on Thu Oct 30 22:38:30 UTC 2025
- Auto update on Fri Oct 31 03:31:02 UTC 2025
- Auto update on Fri Oct 31 06:49:33 UTC 2025
- Auto update on Fri Oct 31 10:40:26 UTC 2025
- Auto update on Fri Oct 31 18:48:22 UTC 2025
- Auto update on Fri Oct 31 22:39:33 UTC 2025
- Auto update on Sat Nov  1 03:30:06 UTC 2025
- Auto update on Sat Nov  1 06:45:04 UTC 2025
- Auto update on Sat Nov  1 10:37:11 UTC 2025
- Auto update on Sat Nov  1 18:42:33 UTC 2025
- Auto update on Sat Nov  1 22:37:32 UTC 2025
- Auto update on Sun Nov  2 03:32:48 UTC 2025
- Auto update on Sun Nov  2 06:46:44 UTC 2025
- Auto update on Sun Nov  2 10:36:29 UTC 2025
- Auto update on Sun Nov  2 18:42:02 UTC 2025
- Auto update on Sun Nov  2 22:37:51 UTC 2025
- Auto update on Mon Nov  3 03:36:43 UTC 2025
- Auto update on Mon Nov  3 06:51:47 UTC 2025
- Auto update on Mon Nov  3 10:43:29 UTC 2025
- Auto update on Mon Nov  3 18:44:54 UTC 2025
- Auto update on Mon Nov  3 22:40:20 UTC 2025
- Auto update on Tue Nov  4 03:29:40 UTC 2025
- Auto update on Tue Nov  4 06:50:48 UTC 2025
- Auto update on Tue Nov  4 10:43:58 UTC 2025
- Auto update on Tue Nov  4 18:48:11 UTC 2025
- Auto update on Tue Nov  4 22:40:44 UTC 2025
- Auto update on Wed Nov  5 03:30:48 UTC 2025
- Auto update on Wed Nov  5 06:50:08 UTC 2025
- Auto update on Wed Nov  5 10:42:20 UTC 2025
- Auto update on Wed Nov  5 18:48:32 UTC 2025
- Auto update on Wed Nov  5 22:40:23 UTC 2025
- Auto update on Thu Nov  6 03:34:09 UTC 2025
- Auto update on Thu Nov  6 06:50:46 UTC 2025
- Auto update on Thu Nov  6 10:42:45 UTC 2025
- Auto update on Thu Nov  6 18:50:03 UTC 2025
- Auto update on Thu Nov  6 22:40:36 UTC 2025
- Auto update on Fri Nov  7 03:30:23 UTC 2025
- Auto update on Fri Nov  7 06:49:57 UTC 2025
- Auto update on Fri Nov  7 10:41:09 UTC 2025
- Auto update on Fri Nov  7 18:45:02 UTC 2025
- Auto update on Fri Nov  7 22:39:04 UTC 2025
- Auto update on Sat Nov  8 03:23:14 UTC 2025
- Auto update on Sat Nov  8 06:45:24 UTC 2025
- Auto update on Sat Nov  8 10:37:17 UTC 2025
- Auto update on Sat Nov  8 18:43:48 UTC 2025
- Auto update on Sat Nov  8 22:37:26 UTC 2025
- Auto update on Sun Nov  9 03:31:14 UTC 2025
- Auto update on Sun Nov  9 06:46:17 UTC 2025
- Auto update on Sun Nov  9 10:36:43 UTC 2025
- Auto update on Sun Nov  9 18:43:07 UTC 2025
- Auto update on Sun Nov  9 22:38:15 UTC 2025
- Auto update on Mon Nov 10 03:37:34 UTC 2025
- Auto update on Mon Nov 10 06:51:43 UTC 2025
- Auto update on Mon Nov 10 10:42:49 UTC 2025
